Souhrn Vá Ð äkoly, fakulty, studenti a absolventi (fyzickŽ osoby) Ð podle zÞizovatele, vysokŽ äkoly aÊfakulty;;;;;;;;;;;;;;;;;k 31.12.;;;;;;;;;;;;;;;;;stav SIMSu k 23.1.2023;;;;;;;;;;;;;;;;;"ZÞizovatel
Vysok‡Êäkola
Fakulta";;;;;;Studenti (fyzickŽ osoby)  ve väech form‡ch studia a typech studijn’ch programó;;;;;;;;;;;;;;;;;"studuj’c’
celkem";"z toho
ìeny";st‡tn’ ob‹anstv’ ‰R;;;cizinci;;;"studenti
s pÞeruäenùmi
studii";"jino-
pl‡tci3";"samo-
pl‡tci3)";;;;;;;;;"studuj’c’
celkem";"poprvŽ
zapsan’
1)";"absol-
venti2)";"studuj’c’
celkem";"poprvŽ
zapsa-
n’1)";"absol-
venti2)";;;;;;;;;;;;;;;;;;;;;;;;;;;;;;;;;;;;;;;00000;;väechny veÞejnŽ a soukromŽ Vá;;;304 518 ;169 179 ;249 767 ;48 217 ;50 034 ;54 770 ;12 498 ;8 665 ;14 371 ;63 ;10 256 ;;10000;;väechny veÞejnŽ Vá;;;276 632 ;153 557 ;226 967 ;43 979 ;44 797 ;49 681 ;11 193 ;7 735 ;11 952 ;63 ;10 256 ;;11000;;Univerzita Karlova;;;50 663 ;31 401 ;39 450 ;5 966 ;6 338 ;11 213 ;2 067 ;1 516 ;2 893 ;27 ;4 086 ;;11110;;1. lŽkaÞsk‡ fakulta;;;4 978 ;3 385 ;3 450 ;556 ;425 ;1 528 ;353 ;201 ;94 ;Ð ;831 ;;11120;;3. lŽkaÞsk‡ fakulta;;;2 546 ;1 611 ;1 680 ;225 ;250 ;866 ;127 ;112 ;76 ;Ð ;492 ;;11130;;2. lŽkaÞsk‡ fakulta;;;2 053 ;1 288 ;1 445 ;191 ;201 ;608 ;100 ;78 ;88 ;Ð ;237 ;;11140;;LŽkaÞsk‡ fakulta v Plzni;;;2 344 ;1 452 ;1 598 ;225 ;195 ;746 ;118 ;108 ;57 ;Ð ;423 ;;11150;;LŽkaÞsk‡ fakulta v Hradci  Kr‡lovŽ;;;1 791 ;1 099 ;1 187 ;186 ;190 ;604 ;120 ;81 ;38 ;Ð ;322 ;;11160;;Farmaceutick‡ fakulta v Hradci  Kr‡lovŽ;;;1 471 ;1 149 ;935 ;302 ;191 ;536 ;169 ;51 ;77 ;Ð ;154 ;;11210;;Filozofick‡ fakulta;;;6 280 ;4 338 ;5 336 ;695 ;888 ;944 ;131 ;104 ;744 ;2 ;41 ;;11220;;Pr‡vnick‡ fakulta;;;3 798 ;1 734 ;3 610 ;445 ;444 ;188 ;36 ;20 ;133 ;Ð ;28 ;;11230;;Fakulta soci‡ln’ch vžd;;;5 351 ;2 913 ;3 674 ;538 ;795 ;1 677 ;193 ;357 ;344 ;Ð ;1 097 ;;11240;;Fakulta humanitn’ch studi’;;;3 234 ;2 436 ;2 587 ;489 ;217 ;647 ;149 ;42 ;185 ;Ð ;161 ;;11260;;Katolick‡ teologick‡ fakulta;;;543 ;311 ;473 ;32 ;65 ;70 ;13 ;7 ;107 ;Ð ;Ð ;;11270;;Evangelick‡ teologick‡ fakulta;;;366 ;231 ;324 ;44 ;37 ;42 ;8 ;8 ;124 ;Ð ;6 ;;11280;;Husitsk‡ teologick‡ fakulta;;;809 ;618 ;711 ;159 ;89 ;98 ;33 ;4 ;49 ;Ð ;Ð ;;11310;;PÞ’rodovždeck‡ fakulta;;;5 006 ;3 115 ;3 870 ;517 ;721 ;1 136 ;126 ;151 ;138 ;Ð ;13 ;;11320;;Matematicko-fyzik‡ln’ fakulta;;;3 050 ;764 ;1 908 ;396 ;322 ;1 142 ;299 ;109 ;158 ;Ð ;177 ;;11410;;Pedagogick‡ fakulta;;;5 534 ;4 390 ;5 338 ;658 ;977 ;196 ;36 ;36 ;378 ;Ð ;13 ;;11510;;Fakulta tžlesnŽ vùchovy a sportu;;;2 126 ;954 ;1 909 ;315 ;339 ;217 ;56 ;47 ;114 ;25 ;92 ;;12000;;Jiho‹esk‡ univerzita v ‰eskùch Budžjovic’ch;;;8 704 ;6 009 ;7 891 ;1 763 ;1 678 ;813 ;179 ;82 ;412 ;Ð ;Ð ;;12110;;Zdravotnž soci‡ln’ fakulta;;;1 478 ;1 245 ;1 455 ;381 ;353 ;23 ;11 ;4 ;83 ;Ð ;Ð ;;12210;;Filozofick‡ fakulta;;;851 ;647 ;817 ;211 ;111 ;34 ;5 ;8 ;18 ;Ð ;Ð ;;12220;;Zemždžlsk‡ fakulta;;;1 110 ;597 ;1 030 ;250 ;221 ;80 ;27 ;2 ;52 ;Ð ;Ð ;;12260;;Teologick‡ fakulta;;;765 ;599 ;741 ;131 ;140 ;24 ;7 ;4 ;77 ;Ð ;Ð ;;12310;;PÞ’rodovždeck‡ fakulta;;;1 137 ;646 ;693 ;125 ;136 ;444 ;48 ;37 ;82 ;Ð ;Ð ;;12410;;Pedagogick‡ fakulta;;;2 062 ;1 530 ;2 040 ;357 ;466 ;22 ;9 ;4 ;40 ;Ð ;Ð ;;12510;;Ekonomick‡ fakulta;;;1 129 ;693 ;1 009 ;272 ;224 ;120 ;63 ;15 ;51 ;Ð ;Ð ;;12520;;Fakulta ryb‡Þstv’ a ochrany vod;;;198 ;70 ;132 ;36 ;27 ;66 ;9 ;8 ;10 ;Ð ;Ð ;;13000;;Univerzita J. E. Purkynž v òst’ nad Labem;;;7 881 ;5 103 ;7 535 ;1 490 ;1 158 ;346 ;136 ;29 ;413 ;Ð ;1 ;;13410;;Filozofick‡ fakulta;;;862 ;495 ;815 ;134 ;81 ;47 ;20 ;2 ;81 ;Ð ;1 ;;13420;;Fakulta strojn’ho inìenùrstv’;;;492 ;45 ;459 ;79 ;59 ;33 ;26 ;Ð ;28 ;Ð ;Ð ;;13430;;Pedagogick‡ fakulta;;;2 654 ;2 069 ;2 638 ;427 ;442 ;16 ;4 ;7 ;179 ;Ð ;Ð ;;13440;;PÞ’rodovždeck‡ fakulta;;;1 015 ;449 ;943 ;246 ;125 ;72 ;41 ;3 ;33 ;Ð ;Ð ;;13450;;Fakulta zdravotnickùch studi’;;;988 ;797 ;934 ;228 ;164 ;54 ;16 ;4 ;29 ;Ð ;Ð ;;13510;;Fakulta soci‡lnž ekonomick‡;;;1 216 ;860 ;1 183 ;271 ;175 ;33 ;8 ;1 ;31 ;Ð ;Ð ;;13520;;Fakulta ìivotn’ho prostÞed’;;;308 ;160 ;291 ;64 ;42 ;17 ;5 ;Ð ;16 ;Ð ;Ð ;;13530;;Fakulta umžn’ a designu;;;370 ;247 ;295 ;41 ;70 ;75 ;16 ;12 ;16 ;Ð ;Ð ;;14000;;Masarykova univerzita;;;32 335 ;20 089 ;24 350 ;4 312 ;5 214 ;7 985 ;1 757 ;1 520 ;1 934 ;Ð ;1 570 ;;14110;;LŽkaÞsk‡ fakulta;;;4 613 ;3 094 ;2 636 ;408 ;478 ;1 977 ;397 ;244 ;148 ;Ð ;825 ;;14160;;Farmaceutick‡ falulta;;;747 ;613 ;527 ;75 ;99 ;220 ;33 ;32 ;38 ;Ð ;34 ;;14210;;Filozofick‡ fakulta;;;6 184 ;4 472 ;4 879 ;707 ;986 ;1 305 ;275 ;251 ;401 ;Ð ;74 ;;14220;;Pr‡vnick‡ fakulta;;;3 127 ;1 657 ;2 948 ;522 ;511 ;179 ;67 ;18 ;291 ;Ð ;1 ;;14230;;Fakulta soci‡ln’ch studi’;;;3 222 ;2 096 ;2 305 ;370 ;558 ;917 ;211 ;196 ;193 ;Ð ;387 ;;14310;;PÞ’rodovždeck‡ fakulta;;;3 439 ;2 034 ;2 482 ;548 ;629 ;957 ;184 ;219 ;160 ;Ð ;12 ;;14330;;Fakulta informatiky;;;2 197 ;390 ;980 ;208 ;191 ;1 217 ;318 ;253 ;55 ;Ð ;36 ;;14410;;Pedagogick‡ fakulta;;;5 063 ;4 116 ;4 834 ;854 ;988 ;229 ;51 ;35 ;409 ;Ð ;45 ;;14510;;Fakulta sportovn’ch studi’;;;1 520 ;624 ;1 369 ;298 ;302 ;151 ;46 ;27 ;122 ;Ð ;Ð ;;14560;;Ekonomicko-spr‡vn’ fakulta;;;2 704 ;1 299 ;1 824 ;339 ;482 ;880 ;175 ;247 ;126 ;Ð ;158 ;;15000;;Univerzita PalackŽho v Olomouci;;;22 716 ;15 644 ;20 075 ;3 000 ;3 617 ;2 641 ;505 ;386 ;577 ;Ð ;528 ;;15110;;LŽkaÞsk‡ fakulta;;;2 435 ;1 527 ;1 379 ;124 ;194 ;1 056 ;180 ;145 ;47 ;Ð ;291 ;;15120;;Fakulta zdravotnickùch vžd;;;1 092 ;905 ;992 ;175 ;281 ;100 ;30 ;24 ;33 ;Ð ;19 ;;15210;;Filozofick‡ fakulta;;;5 262 ;3 791 ;4 641 ;736 ;842 ;621 ;135 ;89 ;166 ;Ð ;45 ;;15220;;Pr‡vnick‡ fakulta;;;1 659 ;980 ;1 595 ;295 ;184 ;64 ;2 ;7 ;35 ;Ð ;28 ;;15260;;Cyrilometodžjsk‡ teologick‡ fakulta;;;1 499 ;1 062 ;1 392 ;199 ;130 ;107 ;23 ;3 ;57 ;Ð ;Ð ;;15310;;PÞ’rodovždeck‡ fakulta;;;3 726 ;2 051 ;3 198 ;614 ;602 ;528 ;118 ;95 ;62 ;Ð ;116 ;;15410;;Pedagogick‡ fakulta;;;5 428 ;4 607 ;5 317 ;618 ;1 037 ;111 ;7 ;10 ;146 ;Ð ;28 ;;15510;;Fakulta tžlesnŽ kultury;;;1 753 ;828 ;1 693 ;244 ;349 ;60 ;10 ;13 ;31 ;Ð ;1 ;;16000;;Veterin‡rn’ univerzita  Brno;;;1 965 ;1 659 ;1 454 ;290 ;223 ;511 ;166 ;70 ;62 ;Ð ;209 ;;16170;;Fakulta veterin‡rn’ho lŽkaÞstv’;;;1 094 ;924 ;698 ;128 ;70 ;396 ;123 ;56 ;34 ;Ð ;176 ;;16270;;Fakulta veterin‡rn’ hygieny a ekologie;;;873 ;737 ;758 ;162 ;153 ;115 ;43 ;14 ;28 ;Ð ;33 ;;17000;;Ostravsk‡ univerzita;;;8 962 ;6 240 ;7 999 ;1 553 ;1 543 ;963 ;285 ;166 ;335 ;Ð ;298 ;;17110;;LŽkaÞsk‡ fakulta;;;1 910 ;1 352 ;1 464 ;262 ;267 ;446 ;143 ;109 ;68 ;Ð ;265 ;;17200;;Fakulta soci‡ln’ch studi’;;;716 ;637 ;706 ;89 ;160 ;10 ;Ð ;1 ;46 ;Ð ;2 ;;17250;;Filozofick‡ fakulta;;;1 735 ;1 280 ;1 553 ;386 ;270 ;182 ;48 ;21 ;23 ;Ð ;10 ;;17310;;PÞ’rodovždeck‡ fakulta;;;1 451 ;696 ;1 333 ;293 ;219 ;118 ;35 ;12 ;45 ;Ð ;21 ;;17450;;Pedagogick‡ fakulta;;;2 671 ;1 931 ;2 625 ;456 ;550 ;46 ;21 ;2 ;132 ;Ð ;Ð ;;17500;;Fakulta umžn’;;;512 ;371 ;349 ;67 ;79 ;163 ;38 ;21 ;22 ;Ð ;Ð ;;18000;;Univerzita  Hradec Kr‡lovŽ;;;6 193 ;3 938 ;6 005 ;1 169 ;1 180 ;188 ;54 ;30 ;234 ;Ð ;36 ;;18440;;Pedagogick‡ fakulta;;;2 886 ;2 384 ;2 857 ;519 ;558 ;29 ;9 ;11 ;126 ;Ð ;1 ;;18450;;Fakulta informatiky a managementu;;;1 565 ;459 ;1 474 ;333 ;285 ;91 ;34 ;10 ;42 ;Ð ;9 ;;18460;;Filozofick‡ fakulta;;;1 127 ;663 ;1 082 ;203 ;154 ;45 ;5 ;8 ;39 ;Ð ;22 ;;18470;;PÞ’rodovždeck‡ fakulta;;;593 ;408 ;569 ;114 ;127 ;24 ;6 ;1 ;18 ;Ð ;4 ;;18900;;celoäkolsk‡ pracoviätž;;;40 ;37 ;40 ;Ð ;56 ;Ð ;Ð ;Ð ;9 ;Ð ;Ð ;;19000;;Slezsk‡ univerzita v Opavž;;;5 173 ;3 282 ;4 840 ;1 137 ;784 ;333 ;62 ;44 ;127 ;Ð ;55 ;;19240;;Filozoficko-pÞ’rodovždeck‡ fakulta;;;1 336 ;749 ;1 181 ;244 ;164 ;155 ;28 ;14 ;61 ;Ð ;1 ;;19510;;Fakulta veÞejnùch politik v Opavž;;;1 306 ;1 080 ;1 294 ;318 ;299 ;12 ;6 ;Ð ;43 ;Ð ;Ð ;;19520;;Obchodnž podnikatelsk‡ fakulta v KarvinŽ;;;2 265 ;1 321 ;2 119 ;531 ;316 ;146 ;26 ;29 ;23 ;Ð ;54 ;;19900;;celoäkolsk‡ pracoviätž;;;287 ;145 ;267 ;44 ;6 ;20 ;2 ;1 ;Ð ;Ð ;Ð ;;21000;;‰eskŽ vysokŽ u‹en’ technickŽ  v Praze;;;17 268 ;5 388 ;14 025 ;2 828 ;3 253 ;3 243 ;850 ;577 ;392 ;Ð ;384 ;;21110;;Fakulta stavebn’;;;3 309 ;1 292 ;2 908 ;621 ;691 ;401 ;88 ;103 ;50 ;Ð ;16 ;;21220;;Fakulta strojn’;;;1 867 ;161 ;1 653 ;240 ;513 ;214 ;37 ;73 ;68 ;Ð ;74 ;;21230;;Fakulta elektrotechnick‡;;;2 809 ;417 ;2 140 ;377 ;496 ;669 ;135 ;129 ;90 ;Ð ;91 ;;21240;;Fakulta informa‹n’ch technologi’;;;2 502 ;335 ;1 745 ;540 ;291 ;757 ;281 ;98 ;36 ;Ð ;122 ;;21260;;Fakulta dopravn’;;;1 032 ;214 ;832 ;179 ;196 ;200 ;40 ;32 ;22 ;Ð ;20 ;;21340;;Fakulta jadern‡ a fyzik‡lnž inìenùrsk‡;;;1 363 ;420 ;1 027 ;202 ;173 ;336 ;121 ;24 ;20 ;Ð ;10 ;;21450;;Fakulta architektury;;;1 648 ;1 012 ;1 217 ;228 ;295 ;431 ;91 ;75 ;37 ;Ð ;17 ;;21460;;Fakulta biomedic’nskŽho inìenùrstv’;;;1 777 ;1 068 ;1 649 ;246 ;356 ;128 ;28 ;26 ;53 ;Ð ;21 ;;21900;;celoäkolsk‡ pracoviätž;;;991 ;480 ;882 ;196 ;244 ;109 ;29 ;17 ;16 ;Ð ;13 ;;22000;;Vysok‡ äkola chemicko-technologick‡  v Praze;;;4 074 ;2 319 ;3 087 ;819 ;732 ;987 ;341 ;170 ;111 ;32 ;149 ;;22310;;Fakulta chemickŽ technologie;;;1 094 ;593 ;859 ;216 ;205 ;235 ;75 ;47 ;16 ;1 ;13 ;;22320;;Fakulta technologie ochrany prostÞed’;;;334 ;165 ;250 ;43 ;51 ;84 ;9 ;30 ;13 ;20 ;8 ;;22330;;Fakulta potravin‡ÞskŽ a biochemickŽ technologie;;;1 239 ;869 ;995 ;278 ;286 ;244 ;80 ;39 ;48 ;2 ;24 ;;22340;;Fakulta chemicko-inìenùrsk‡;;;958 ;426 ;759 ;196 ;159 ;199 ;49 ;45 ;26 ;9 ;25 ;;22900;;celoäkolsk‡ pracoviätž;;;464 ;276 ;235 ;86 ;31 ;229 ;128 ;9 ;8 ;Ð ;79 ;;23000;;Z‡pado‹esk‡ univerzita v Plzni;;;11 071 ;6 013 ;10 404 ;2 301 ;2 003 ;667 ;219 ;80 ;313 ;Ð ;44 ;;23210;;Fakulta strojn’;;;827 ;111 ;775 ;162 ;147 ;52 ;15 ;3 ;8 ;Ð ;8 ;;23220;;Fakulta elektrotechnick‡;;;821 ;43 ;749 ;245 ;123 ;72 ;36 ;4 ;5 ;Ð ;24 ;;23310;;Fakulta zdravotnickùch studi’;;;848 ;722 ;825 ;222 ;162 ;23 ;11 ;2 ;68 ;Ð ;Ð ;;23320;;Fakulta pr‡vnick‡;;;1 674 ;962 ;1 653 ;238 ;250 ;21 ;10 ;3 ;25 ;Ð ;Ð ;;23330;;Filozofick‡ fakulta;;;1 551 ;945 ;1 388 ;362 ;209 ;163 ;59 ;21 ;42 ;Ð ;3 ;;23410;;Fakulta designu a umžn’ L. Sutnara;;;743 ;564 ;612 ;109 ;191 ;131 ;29 ;31 ;21 ;Ð ;Ð ;;23420;;Fakulta pedagogick‡;;;2 124 ;1 515 ;2 061 ;385 ;413 ;63 ;17 ;9 ;82 ;Ð ;Ð ;;23510;;Fakulta ekonomick‡;;;1 662 ;1 013 ;1 585 ;372 ;348 ;77 ;23 ;4 ;26 ;Ð ;6 ;;23520;;Fakulta aplikovanùch vžd;;;873 ;167 ;807 ;210 ;162 ;66 ;19 ;3 ;36 ;Ð ;3 ;;24000;;Technick‡ univerzita v Liberci;;;6 140 ;3 433 ;5 637 ;1 220 ;951 ;503 ;116 ;62 ;167 ;2 ;106 ;;24210;;Fakulta strojn’;;;665 ;57 ;602 ;146 ;114 ;63 ;25 ;11 ;8 ;Ð ;17 ;;24220;;Fakulta mechatroniky, informatiky a mezioborovùch studi’;;;593 ;67 ;515 ;125 ;114 ;78 ;18 ;8 ;13 ;2 ;15 ;;24310;;Ekonomick‡ fakulta;;;1 198 ;644 ;1 101 ;269 ;231 ;97 ;27 ;14 ;25 ;Ð ;35 ;;24410;;Fakulta textiln’;;;612 ;438 ;448 ;111 ;52 ;164 ;26 ;14 ;27 ;Ð ;37 ;;24510;;Fakulta pÞ’rodovždnž-humanitn’ a pedagogick‡;;;2 429 ;1 791 ;2 389 ;423 ;323 ;40 ;14 ;5 ;86 ;Ð ;Ð ;;24520;;Fakulta umžn’ a architektury;;;212 ;126 ;177 ;23 ;40 ;35 ;2 ;6 ;4 ;Ð ;2 ;;24530;;Fakulta zdravotnickùch studi’;;;420 ;301 ;401 ;124 ;76 ;19 ;4 ;3 ;4 ;Ð ;Ð ;;24900;;celoäkolsk‡ pracoviätž;;;20 ;14 ;13 ;Ð ;1 ;7 ;Ð ;1 ;Ð ;Ð ;Ð ;;25000;;Univerzita Pardubice;;;6 598 ;3 697 ;6 067 ;1 354 ;1 186 ;531 ;103 ;74 ;303 ;Ð ;11 ;;25110;;Fakulta restaurov‡n’;;;96 ;81 ;82 ;15 ;17 ;14 ;Ð ;7 ;6 ;Ð ;Ð ;;25210;;Fakulta filozofick‡;;;994 ;657 ;945 ;194 ;215 ;49 ;7 ;3 ;29 ;Ð ;Ð ;;25310;;Fakulta chemicko-technologick‡;;;1 130 ;741 ;1 021 ;168 ;268 ;109 ;28 ;28 ;49 ;Ð ;Ð ;;25410;;Fakulta ekonomicko-spr‡vn’;;;1 694 ;1 074 ;1 560 ;393 ;277 ;134 ;13 ;11 ;94 ;Ð ;11 ;;25510;;Dopravn’ fakulta Jana Pernera;;;1 183 ;288 ;1 073 ;262 ;177 ;110 ;27 ;11 ;44 ;Ð ;Ð ;;25520;;Fakulta zdravotnickùch studi’;;;951 ;815 ;921 ;210 ;167 ;30 ;9 ;7 ;67 ;Ð ;Ð ;;25530;;Fakulta elektrotechniky a  informatiky;;;557 ;42 ;472 ;112 ;65 ;85 ;20 ;7 ;14 ;Ð ;Ð ;;26000;;VysokŽ u‹en’ technickŽ v Brnž;;;17 426 ;4 870 ;12 920 ;2 696 ;3 237 ;4 506 ;1 125 ;824 ;367 ;Ð ;214 ;;26110;;Fakulta stavebn’;;;3 458 ;1 388 ;2 705 ;492 ;681 ;753 ;210 ;117 ;37 ;Ð ;13 ;;26210;;Fakulta strojn’ho inìenùrstv’;;;3 566 ;382 ;2 955 ;662 ;763 ;611 ;140 ;150 ;98 ;Ð ;30 ;;26220;;Fakulta elektrotechniky a komunika‹n’ch technologi’;;;3 122 ;394 ;2 280 ;510 ;524 ;842 ;188 ;146 ;52 ;Ð ;65 ;;26230;;Fakulta informa‹n’ch technologi’;;;2 700 ;292 ;1 542 ;401 ;263 ;1 158 ;334 ;160 ;39 ;Ð ;9 ;;26310;;Fakulta chemick‡;;;1 107 ;700 ;816 ;208 ;211 ;291 ;102 ;61 ;24 ;Ð ;8 ;;26410;;Fakulta architektury;;;547 ;333 ;390 ;78 ;85 ;157 ;36 ;36 ;16 ;Ð ;6 ;;26420;;Fakulta vùtvarnùch umžn’;;;366 ;236 ;285 ;38 ;66 ;81 ;18 ;11 ;17 ;Ð ;Ð ;;26510;;Fakulta podnikatelsk‡;;;2 266 ;1 017 ;1 752 ;293 ;581 ;514 ;92 ;130 ;65 ;Ð ;83 ;;27000;;Vysok‡ äkola b‡Ësk‡ - Technick‡ univerzita  Ostrava;;;11 215 ;3 743 ;9 818 ;2 147 ;2 057 ;1 397 ;411 ;244 ;432 ;1 ;443 ;;27120;;Fakulta stavebn’;;;1 172 ;479 ;972 ;233 ;224 ;200 ;51 ;34 ;32 ;1 ;48 ;;27200;;Fakulta bezpe‹nostn’ho inìenùrstv’;;;1 225 ;440 ;1 162 ;310 ;175 ;63 ;8 ;12 ;48 ;Ð ;14 ;;27230;;Fakulta strojn’;;;1 609 ;126 ;1 455 ;336 ;346 ;154 ;47 ;22 ;81 ;Ð ;94 ;;27240;;Fakulta elektrotechniky a informatiky;;;2 310 ;261 ;1 877 ;470 ;339 ;433 ;142 ;65 ;94 ;Ð ;137 ;;27350;;Hornicko-geologick‡ fakulta;;;1 367 ;571 ;1 181 ;196 ;212 ;186 ;49 ;28 ;69 ;Ð ;22 ;;27360;;Fakulta materi‡lovž-technologick‡;;;813 ;266 ;724 ;112 ;209 ;89 ;20 ;13 ;33 ;Ð ;15 ;;27510;;Ekonomick‡ fakulta;;;2 765 ;1 622 ;2 489 ;492 ;548 ;276 ;94 ;70 ;69 ;Ð ;113 ;;27900;;celoäkolsk‡ pracoviätž;;;10 ;4 ;9 ;Ð ;4 ;1 ;Ð ;Ð ;6 ;Ð ;1 ;;28000;;Univerzita Tom‡äe Bati ve Zl’nž;;;9 001 ;5 075 ;7 993 ;1 794 ;1 738 ;1 008 ;223 ;155 ;222 ;Ð ;232 ;;28110;;Fakulta technologick‡;;;1 503 ;777 ;1 401 ;297 ;258 ;102 ;26 ;8 ;15 ;Ð ;20 ;;28120;;Fakulta managementu a ekonomiky;;;1 942 ;1 232 ;1 631 ;385 ;344 ;311 ;66 ;43 ;80 ;Ð ;111 ;;28130;;Fakulta multimedi‡ln’ch komunikac’;;;1 088 ;697 ;880 ;128 ;242 ;208 ;37 ;49 ;33 ;Ð ;15 ;;28140;;Fakulta aplikovanŽ informatiky;;;1 367 ;196 ;1 087 ;236 ;206 ;280 ;65 ;37 ;31 ;Ð ;69 ;;28150;;Fakulta humanitn’ch studi’;;;1 858 ;1 630 ;1 809 ;458 ;417 ;49 ;13 ;10 ;43 ;Ð ;Ð ;;28160;;Fakulta logistiky a krizovŽho Þ’zen’;;;1 209 ;532 ;1 171 ;290 ;270 ;38 ;16 ;6 ;15 ;Ð ;Ð ;;28900;;celoäkolsk‡ pracoviätž;;;56 ;23 ;35 ;Ð ;1 ;21 ;Ð ;2 ;5 ;Ð ;17 ;;31000;;Vysok‡ äkola ekonomick‡ v Praze;;;14 472 ;7 619 ;10 535 ;1 857 ;2 267 ;3 937 ;802 ;723 ;466 ;Ð ;1 182 ;;31110;;Fakulta financ’ a œ‹etnictv’;;;2 660 ;1 391 ;2 032 ;435 ;410 ;628 ;130 ;149 ;42 ;Ð ;54 ;;31120;;Fakulta mezin‡rodn’ch vztahó;;;3 176 ;2 125 ;2 222 ;440 ;542 ;954 ;230 ;173 ;114 ;Ð ;362 ;;31130;;Fakulta podnikohospod‡Þsk‡;;;3 504 ;2 031 ;2 339 ;360 ;563 ;1 165 ;254 ;225 ;73 ;Ð ;525 ;;31140;;Fakulta informatiky a statistiky;;;2 739 ;859 ;1 949 ;262 ;379 ;790 ;97 ;126 ;79 ;Ð ;109 ;;31150;;N‡rodohospod‡Þsk‡ fakulta;;;1 427 ;591 ;1 180 ;248 ;225 ;247 ;61 ;29 ;40 ;Ð ;130 ;;31160;;Fakulta managementu  v JindÞichovž Hradci;;;1 039 ;652 ;876 ;124 ;149 ;163 ;30 ;21 ;118 ;Ð ;3 ;;41000;;‰esk‡ zemždžlsk‡ univerzita v Praze;;;20 809 ;10 573 ;15 053 ;3 073 ;3 050 ;5 756 ;1 317 ;539 ;1 157 ;Ð ;140 ;;41110;;Provoznž ekonomick‡ fakulta;;;9 808 ;4 606 ;5 755 ;1 018 ;1 431 ;4 053 ;913 ;391 ;344 ;Ð ;137 ;;41210;;Fak. agrobiologie, potrav. a pÞ’r. zdr.;;;4 340 ;3 218 ;3 880 ;882 ;648 ;460 ;147 ;38 ;312 ;Ð ;Ð ;;41310;;Technick‡ fakulta;;;1 391 ;165 ;1 144 ;288 ;149 ;247 ;75 ;8 ;35 ;Ð ;1 ;;41320;;Fakulta lesnick‡ a dÞevaÞsk‡;;;1 699 ;576 ;1 531 ;386 ;257 ;168 ;52 ;15 ;142 ;Ð ;1 ;;41330;;Fakulta ìivotn’ho prostÞed’;;;2 687 ;1 462 ;2 188 ;368 ;409 ;499 ;114 ;48 ;251 ;Ð ;Ð ;;41340;;Fakulta tropickŽho zemždžlstv’;;;646 ;340 ;303 ;55 ;61 ;343 ;14 ;39 ;40 ;Ð ;1 ;;41900;;celoäkolsk‡ pracoviätž;;;336 ;249 ;332 ;76 ;96 ;4 ;2 ;Ð ;34 ;Ð ;Ð ;;43000;;Mendelova univerzita;;;8 728 ;4 819 ;7 224 ;1 665 ;1 479 ;1 504 ;313 ;294 ;678 ;1 ;407 ;;43110;;Provoznž ekonomick‡ fakulta;;;2 869 ;1 431 ;2 093 ;539 ;347 ;776 ;139 ;147 ;208 ;1 ;307 ;;43210;;Agronomick‡ fakulta;;;2 063 ;1 249 ;1 884 ;413 ;506 ;179 ;28 ;42 ;153 ;Ð ;4 ;;43310;;Fakulta region‡ln’ho rozvoje a mezin‡rodn’ch studi’;;;1 056 ;680 ;838 ;154 ;155 ;218 ;53 ;43 ;36 ;Ð ;75 ;;43410;;Lesnick‡ a dÞevaÞsk‡ fakulta;;;1 577 ;642 ;1 418 ;346 ;270 ;159 ;40 ;29 ;156 ;Ð ;18 ;;43510;;Zahradnick‡ fakulta  (Lednice);;;945 ;650 ;774 ;159 ;131 ;171 ;53 ;30 ;106 ;Ð ;3 ;;43900;;celoäkolsk‡ pracoviätž;;;240 ;184 ;237 ;54 ;73 ;3 ;Ð ;4 ;21 ;Ð ;Ð ;;51000;;Akademie mœzickùch umžn’ v Praze;;;1 513 ;890 ;1 181 ;127 ;267 ;332 ;37 ;69 ;97 ;Ð ;132 ;;51110;;Hudebn’ a tane‹n’ fakulta;;;449 ;256 ;374 ;44 ;100 ;75 ;15 ;20 ;24 ;Ð ;4 ;;51210;;Divadeln’ fakulta;;;506 ;340 ;425 ;45 ;91 ;81 ;5 ;21 ;39 ;Ð ;26 ;;51310;;Filmov‡ a televizn’ fakulta;;;558 ;294 ;382 ;38 ;76 ;176 ;17 ;28 ;34 ;Ð ;102 ;;52000;;Akademie vùtvarnùch umžn’ v Praze;;;324 ;178 ;281 ;31 ;42 ;43 ;3 ;7 ;10 ;Ð ;Ð ;;53000;;Vysok‡ äkola umžlecko-prómyslov‡ v Praze;;;515 ;313 ;393 ;52 ;98 ;122 ;8 ;32 ;86 ;Ð ;34 ;;54000;;Jan‡‹kova akademie mœzickùch umžn’;;;688 ;413 ;548 ;83 ;148 ;140 ;29 ;25 ;95 ;Ð ;1 ;;54510;;Hudebn’ fakulta;;;355 ;181 ;257 ;45 ;77 ;98 ;22 ;20 ;36 ;Ð ;1 ;;54530;;Divadeln’ fakulta;;;333 ;232 ;291 ;38 ;71 ;42 ;7 ;5 ;59 ;Ð ;Ð ;;55000;;Vysok‡ äkola polytechnick‡ Jihlava;;;2 103 ;1 272 ;1 973 ;575 ;301 ;130 ;52 ;14 ;58 ;Ð ;Ð ;;56000;;Vysok‡ äkola technick‡ a ekonomick‡ v ‰eskùch Budžjovic’ch;;;2 678 ;1 136 ;2 584 ;715 ;280 ;94 ;36 ;6 ;34 ;Ð ;Ð ;;60000;;väechny soukromŽ Vá;;;28 376 ;15 916 ;23 191 ;4 242 ;5 241 ;5 185 ;1 305 ;931 ;2 423 ;Ð ;Ð ;;61000;;AMBIS - vysok‡ äkola, a. s.;;;5 340 ;2 841 ;4 697 ;933 ;914 ;643 ;187 ;44 ;139 ;Ð ;Ð ;;63000;;University College Prague;;;1 462 ;934 ;856 ;100 ;152 ;606 ;112 ;57 ;187 ;Ð ;Ð ;;6D000;;University of New York in Prague, s.r.o;;;551 ;382 ;252 ;67 ;32 ;299 ;79 ;73 ;601 ;Ð ;Ð ;;6F000;;Vysok‡ äkola mezin‡rodn’ch a veÞejnùch vztahó Praha, o.p.s.;;;Ð ;Ð ;Ð ;87 ;59 ;Ð ;108 ;86 ;Ð ;Ð ;Ð ;;6J000;;Academia Rerum Civilium - Vysok‡ äkola politickùch a spole‹enskùch vžd, s.r.o.;;;16 ;3 ;14 ;Ð ;30 ;2 ;Ð ;Ð ;4 ;Ð ;Ð ;;6K000;;Vysok‡ äkola evropskùch a region‡ln’ch studi’, o.p.s.;;;316 ;124 ;314 ;85 ;131 ;2 ;Ð ;Ð ;6 ;Ð ;Ð ;;6N000;;Filmov‡ akademie Miroslava OndÞ’‹ka v P’sku, o.p.s.;;;151 ;52 ;129 ;29 ;55 ;22 ;8 ;6 ;163 ;Ð ;Ð ;;6P000;;Vysok‡ äkola tžlesnŽ vùchovy a sportu Palestra, spol s r.o.;;;635 ;326 ;611 ;103 ;109 ;24 ;6 ;5 ;99 ;Ð ;Ð ;;6Q000;;Vysok‡ äkola NEWTON, a.s.;;;1 994 ;1 001 ;1 627 ;339 ;385 ;367 ;186 ;60 ;161 ;Ð ;Ð ;;6R000;;Vysok‡ äkola logistiky o.p.s.;;;518 ;171 ;369 ;55 ;138 ;149 ;32 ;43 ;14 ;Ð ;Ð ;;6S000;;Vysok‡ äkola zdravotnick‡, o.p.s.;;;829 ;642 ;761 ;260 ;140 ;68 ;23 ;12 ;25 ;Ð ;Ð ;;72000;;Vysok‡ äkola obchodn’ v Praze, nada‹n’ fond;;;Ð ;Ð ;Ð ;91 ;337 ;Ð ;14 ;50 ;Ð ;Ð ;Ð ;;73000;;Vysok‡ äkola Sting, o.p.s.;;;44 ;30 ;44 ;15 ;30 ;Ð ;Ð ;Ð ;Ð ;Ð ;Ð ;;75000;;Metropolitn’ univerzita Praha, o.p.s.;;;2 640 ;1 607 ;1 989 ;235 ;577 ;651 ;96 ;108 ;100 ;Ð ;Ð ;;76000;;Univerzita Jana Amose KomenskŽho Praha, s.r.o.;;;1 084 ;884 ;1 047 ;301 ;411 ;37 ;9 ;11 ;22 ;Ð ;Ð ;;78000;;Anglo-americk‡ vysok‡ äkola,  z.œ.;;;219 ;149 ;44 ;8 ;32 ;175 ;13 ;63 ;113 ;Ð ;Ð ;;79000;;Praìsk‡ vysok‡ äkola psychosoci‡ln’ch studi’, s.r.o.;;;391 ;313 ;371 ;31 ;77 ;20 ;Ð ;4 ;9 ;Ð ;Ð ;;7B000;;Soukrom‡ vysok‡ äkola ekonomick‡ Znojmo s.r.o.;;;Ð ;Ð ;Ð ;Ð ;10 ;Ð ;Ð ;Ð ;Ð ;Ð ;Ð ;;7C000;;Moravsk‡ vysok‡ äkola Olomouc o.p.s.;;;321 ;172 ;312 ;66 ;72 ;9 ;2 ;1 ;2 ;Ð ;Ð ;;7D000;;CEVRO institut z.œ.;;;628 ;293 ;597 ;62 ;131 ;31 ;9 ;10 ;50 ;Ð ;Ð ;;7E000;;Unicorn Vysok‡ äkola s.r.o.;;;806 ;152 ;611 ;82 ;33 ;195 ;41 ;7 ;81 ;Ð ;Ð ;;7G000;;Vysok‡ äkola obchodn’ a hotelov‡, s.r.o.;;;Ð ;Ð ;Ð ;9 ;23 ;Ð ;4 ;30 ;Ð ;Ð ;Ð ;;7J000;;Vysok‡ äkola PRIGO, z.œ.;;;79 ;54 ;75 ;6 ;57 ;4 ;2 ;Ð ;7 ;Ð ;Ð ;;7L000;;Prague City Vysok‡ ákola s.r.o.;;;27 ;24 ;24 ;4 ;1 ;3 ;3 ;Ð ;1 ;Ð ;Ð ;;7M000;;Archip s.r.o.;;;95 ;55 ;20 ;3 ;1 ;75 ;29 ;18 ;8 ;Ð ;Ð ;;7N000;;Vysok‡ äkola aplikovanŽ psychologie, s.r.o.;;;82 ;63 ;80 ;43 ;50 ;2 ;Ð ;Ð ;13 ;Ð ;Ð ;;7P000;;áKODA AUTO Vá, o.p.s.;;;1 109 ;417 ;860 ;125 ;195 ;249 ;87 ;23 ;139 ;Ð ;Ð ;;7R000;;ART & DESIGN INSTITUT, s.r.o.;;;200 ;162 ;112 ;24 ;23 ;88 ;35 ;18 ;13 ;Ð ;Ð ;;7S000;;Panevropsk‡ univerzita, a.s.;;;2 578 ;1 426 ;2 128 ;207 ;301 ;450 ;31 ;17 ;131 ;Ð ;Ð ;;7T000;;Vysok‡ äkola kreativn’ komunikace, s.r.o.;;;611 ;408 ;458 ;89 ;125 ;153 ;67 ;18 ;39 ;Ð ;Ð ;;7U000;;Vysok‡ äkola finan‹n’ a spr‡vn’, a.s.;;;2 445 ;1 286 ;1 825 ;363 ;468 ;620 ;93 ;149 ;65 ;Ð ;Ð ;;7V000;;Vysok‡ äkola ekonomie a managementu, a.s.;;;3 241 ;1 964 ;2 991 ;420 ;142 ;250 ;29 ;18 ;235 ;Ð ;Ð ;;;;;;;;;;;;;;;;;;1);Do celkovŽho po‹tu poprvŽ zapsanùch nejsou zapo‹teni poprvŽ zapsan’ do navazuj’c’ch magisterskùch a doktorskùch studijn’ch programó.;;;;;;;;;;;;;;;;2);Jinopl‡tce Ð studium je plnž hrazeno z prostÞedkó jinŽho resortu neì MáMT, samopl‡tce Ð studium je plnž hrazeno studentem(kou) Ð zpravidla cizincem(kou) Ð z vlastn’ch prostÞedkó v pÞ’padž studia v ciz’m jazyce (par. 58, odst. 5 z‡k.111/1998 Sb.).;;;;;;;;;;;;;;;;
